	--delete from `lapd_test`.`t_clockcategory`;

	insert into `lapd_test`.`t_clockcategory` (id, clockcategory) values(1, "点钟");
	insert into `lapd_test`.`t_clockcategory` (id, clockcategory) values(2, "排钟");

        
    insert into `lapd_test`.`t_roomcategory`(id, roomcategory ) values (1, "洗脚");
    insert into `lapd_test`.`t_roomcategory`(id, roomcategory ) values (2, "按摩");
    insert into `lapd_test`.`t_roomcategory`(id, roomcategory ) values (3, "澡堂");
      
    select * from  `lapd_test`.`t_roomcategory`;
    
    --delete from `lapd_test`.`t_roomcategory`;

	insert into `lapd_test`.`t_room` (id , name, roomcategory, floor, size, remark, addTime, isFree, isClean)
		values(1, "101",1, 1, 2, null, now(), true, true);
	insert into `lapd_test`.`t_room` (id , name, roomcategory, floor, size, remark, addTime, isFree, isClean)
		values(2, "201",1, 2, 3, null, now(), true, true);
	insert into `lapd_test`.`t_room` (id , name, roomcategory, floor, size, remark, addTime, isFree, isClean)
		values(3, "202",2, 2, 2, null, now(), true, true);
	insert into `lapd_test`.`t_room` (id , name, roomcategory, floor, size, remark, addTime, isFree, isClean)
		values(4, "204",2, 2, 2, null, now(), true, true);
        
        
	insert into `lapd_test`.`t_orderstatus` (id, orderstatus) values(1, "待接收");
	insert into `lapd_test`.`t_orderstatus` (id, orderstatus) values(2, "工作中");
	insert into `lapd_test`.`t_orderstatus` (id, orderstatus) values(3, "待付款");
	insert into `lapd_test`.`t_orderstatus` (id, orderstatus) values(4, "支付完成");
    
    insert into `lapd_test`.`t_workstatus`(id , workStatus) values(1, "空闲");
    insert into `lapd_test`.`t_workstatus`(id , workStatus) values(2, "待接收");
    insert into `lapd_test`.`t_workstatus`(id , workStatus) values(3, "工作中");
    
    --delete from t_workStatus where id >= 4;
    
    --insert into `lapd_test`.`t_workstatus`(id , workStatus) values(4, "迟到");
    --insert into `lapd_test`.`t_workstatus`(id , workStatus) values(5, "早退");
    --insert into `lapd_test`.`t_workstatus`(id , workStatus) values(6, "休假");
    --insert into `lapd_test`.`t_workstatus`(id , workStatus) values(8, "请假");
    --insert into `lapd_test`.`t_workStatus`(id , workStatus) values(9, "已辞职");
    
    
    --delete from t_workStatus;
    
    --delete from t_user;
        
    insert into `lapd_test`.`t_user` (id, userName, password, workId, question, answer, workStatus, registerTime)
        values(1, "user001", "user001", 11, "你是谁","0001",  1, now());
    insert into `lapd_test`.`t_user` (id, userName, password, workId, question, answer, workStatus, registerTime)
        values(2, "user002", "user002", 12, "你是谁","0001",  1, now() );
    insert into `lapd_test`.`t_user` (id, userName, password, workId, question, answer, workStatus, registerTime)
        values(3, "user003", "user003", 13, "你是谁", "0001",  1, now());
   
        
   insert into `lapd_test`.`t_pledge` (id, name, price ) values (1, "苹果充电器", 50);
   insert into `lapd_test`.`t_pledge` (id, name, price ) values (2, "安卓充电器", 50);
   insert into `lapd_test`.`t_pledge` (id, name, price ) values (3, "其他", 50);
        
    insert into  `lapd_test`.`t_paypath` (id, payPath) values(1, "支付宝");
    insert into  `lapd_test`.`t_paypath` (id, payPath) values(2, "微信");
    insert into  `lapd_test`.`t_paypath` (id, payPath) values(3, "现金");
    insert into  `lapd_test`.`t_paypath` (id, payPath) values(4, "银联");
    
    --delete from t_admin;
    
    INSERT INTO `lapd_test`.`t_admin` (`id`, `userName`, `password`, `registerTime`, `avatar`) 
    VALUES (1, 'admin', 'admin', now(), NULL);
    
    INSERT INTO `lapd_test`.`t_serverorder` (`idOrder`, `stuffId`, `roomId`, `statusId`, `clockcategoryId`, `payPathId`, 
    `pledgeNameId`, `initTime`, `receiveTime`, `finishTime`, `pay`, `realPay`, `payTime`, `orderRemark`)
     VALUES ('000000000000001', 1, 1, 1, 1, 1, NULL, now(), NULL, NULL, NULL, NULL, NULL, NULL);
    INSERT INTO `lapd_test`.`t_serverorder` (`idOrder`, `stuffId`, `roomId`, `statusId`, `clockcategoryId`, `payPathId`, 
    `pledgeNameId`, `initTime`, `receiveTime`, `finishTime`, `pay`, `realPay`, `payTime`, `orderRemark`)
     VALUES ('000000000000002', 1, 1, 1, 1, 1, NULL, now(), NULL, NULL, NULL, NULL, NULL, NULL);
    INSERT INTO `lapd_test`.`t_serverorder` (`idOrder`, `stuffId`, `roomId`, `statusId`, `clockcategoryId`, `payPathId`, 
    `pledgeNameId`, `initTime`, `receiveTime`, `finishTime`, `pay`, `realPay`, `payTime`, `orderRemark`)
     VALUES ('000000000000003', 1, 1, 1, 1, 1, NULL, now(), NULL, NULL, NULL, NULL, NULL, NULL);
    INSERT INTO `lapd_test`.`t_serverorder` (`idOrder`, `stuffId`, `roomId`, `statusId`, `clockcategoryId`, `payPathId`, 
    `pledgeNameId`, `initTime`, `receiveTime`, `finishTime`, `pay`, `realPay`, `payTime`, `orderRemark`)
     VALUES ('000000000000004', 1, 1, 1, 1, 1, NULL, now(), NULL, NULL, NULL, NULL, NULL, NULL);
    INSERT INTO `lapd_test`.`t_serverorder` (`idOrder`, `stuffId`, `roomId`, `statusId`, `clockcategoryId`, `payPathId`, 
    `pledgeNameId`, `initTime`, `receiveTime`, `finishTime`, `pay`, `realPay`, `payTime`, `orderRemark`)
     VALUES ('000000000000005', 1, 1, 1, 1, 1, NULL, now(), NULL, NULL, NULL, NULL, NULL, NULL);
    INSERT INTO `lapd_test`.`t_serverorder` (`idOrder`, `stuffId`, `roomId`, `statusId`, `clockcategoryId`, `payPathId`, 
    `pledgeNameId`, `initTime`, `receiveTime`, `finishTime`, `pay`, `realPay`, `payTime`, `orderRemark`)
     VALUES ('000000000000006', 1, 1, 1, 1, 1, NULL, now(), NULL, NULL, NULL, NULL, NULL, NULL);
    INSERT INTO `lapd_test`.`t_serverorder` (`idOrder`, `stuffId`, `roomId`, `statusId`, `clockcategoryId`, `payPathId`, 
    `pledgeNameId`, `initTime`, `receiveTime`, `finishTime`, `pay`, `realPay`, `payTime`, `orderRemark`)
     VALUES ('000000000000007', 1, 1, 1, 1, 1, NULL, now(), NULL, NULL, NULL, NULL, NULL, NULL);
     
     INSERT INTO `lapd_test`.`t_serverorder` (`idOrder`, `stuffId`, `roomId`, `statusId`, `clockcategoryId`, `payPathId`, 
    `pledgeNameId`, `initTime`, `receiveTime`, `finishTime`, `pay`, `realPay`, `payTime`, `orderRemark`)
     VALUES ('000000000000008', 2, 2, 2, 2, 2, NULL, now(), NULL, NULL, NULL, NULL, NULL, NULL);
     INSERT INTO `lapd_test`.`t_serverorder` (`idOrder`, `stuffId`, `roomId`, `statusId`, `clockcategoryId`, `payPathId`, 
    `pledgeNameId`, `initTime`, `receiveTime`, `finishTime`, `pay`, `realPay`, `payTime`, `orderRemark`)
     VALUES ('000000000000009', 2, 2, 2, 2, 2, NULL, now(), NULL, NULL, NULL, NULL, NULL, NULL);
     INSERT INTO `lapd_test`.`t_serverorder` (`idOrder`, `stuffId`, `roomId`, `statusId`, `clockcategoryId`, `payPathId`, 
    `pledgeNameId`, `initTime`, `receiveTime`, `finishTime`, `pay`, `realPay`, `payTime`, `orderRemark`)
     VALUES ('000000000000010', 2, 2, 2, 2, 2, NULL, now(), NULL, NULL, NULL, NULL, NULL, NULL);
     INSERT INTO `lapd_test`.`t_serverorder` (`idOrder`, `stuffId`, `roomId`, `statusId`, `clockcategoryId`, `payPathId`, 
    `pledgeNameId`, `initTime`, `receiveTime`, `finishTime`, `pay`, `realPay`, `payTime`, `orderRemark`)
     VALUES ('000000000000011', 2, 2, 2, 2, 2, NULL, now(), NULL, NULL, NULL, NULL, NULL, NULL);
     INSERT INTO `lapd_test`.`t_serverorder` (`idOrder`, `stuffId`, `roomId`, `statusId`, `clockcategoryId`, `payPathId`, 
    `pledgeNameId`, `initTime`, `receiveTime`, `finishTime`, `pay`, `realPay`, `payTime`, `orderRemark`)
     VALUES ('000000000000012', 2, 2, 2, 2, 2, NULL, now(), NULL, NULL, NULL, NULL, NULL, NULL);
     INSERT INTO `lapd_test`.`t_serverorder` (`idOrder`, `stuffId`, `roomId`, `statusId`, `clockcategoryId`, `payPathId`, 
    `pledgeNameId`, `initTime`, `receiveTime`, `finishTime`, `pay`, `realPay`, `payTime`, `orderRemark`)
     VALUES ('000000000000013', 2, 2, 2, 2, 2, NULL, now(), NULL, NULL, NULL, NULL, NULL, NULL);
     INSERT INTO `lapd_test`.`t_serverorder` (`idOrder`, `stuffId`, `roomId`, `statusId`, `clockcategoryId`, `payPathId`, 
    `pledgeNameId`, `initTime`, `receiveTime`, `finishTime`, `pay`, `realPay`, `payTime`, `orderRemark`)
     VALUES ('000000000000014', 2, 2, 2, 2, 2, NULL, now(), NULL, NULL, NULL, NULL, NULL, NULL);
     INSERT INTO `lapd_test`.`t_serverorder` (`idOrder`, `stuffId`, `roomId`, `statusId`, `clockcategoryId`, `payPathId`, 
    `pledgeNameId`, `initTime`, `receiveTime`, `finishTime`, `pay`, `realPay`, `payTime`, `orderRemark`)
     VALUES ('000000000000015', 2, 2, 2, 2, 2, NULL, now(), NULL, NULL, NULL, NULL, NULL, NULL);
     
select  * from `lapd_test`.`t_serverorder`;
    
select  * from `lapd_test`.`t_orderstatus`;
    
select * from `lapd_test`.`t_room`;

select * from `lapd_test`.`t_roomcategory`;
    
select * from `lapd_test`.`t_workStatus`;
    
select  * from `lapd_test`.`t_user`;
    
select  * from `lapd_test`.`t_pledge`; 
 
select *  from `lapd_test`.`t_paypath`;

select * from `lapd_test`.`t_clockcategory`;

select * from `lapd_test`.`t_admin`;



